<?xml version="1.0" encoding="UTF-8" standalone="yes"?>
<addon id="repository.coco"
       name="Coco Repo"
       version="1.0.0"
       provider-name="CocoJoe">

    <extension point="xbmc.addon.repository"
               name="Coco Repository"
               version="1.0.0">
        <dir>
            <info>https://raw.githubusercontent.com/CocoScrapers/coco-repo/main/addons.xml</info>
            <checksum>https://raw.githubusercontent.com/CocoScrapers/coco-repo/main/addons.xml.md5</checksum>
            <datadir>https://raw.githubusercontent.com/CocoScrapers/coco-repo/main/</datadir>
        </dir>
    </extension>

    <extension point="xbmc.addon.metadata">
        <summary lang="en">CocoScrapers Repository</summary>
        <description lang="en">This repository contains Coco Scrapers.</description>
        <platform>all</platform>
        <assets>
            <icon>icon.png</icon>
            <fanart>fanart.jpg</fanart>
        </assets>
    </extension>

</addon>
